customer_id,Name,Email,Phone
1,Unknowm,Unknown,Unknown
2,Unknowm,Unknown,Unknown
3,Unknowm,Unknown,Unknown
5,Unknowm,Unknown,Unknown
6,Unknowm,Unknown,Unknown
7,Unknowm,Unknown,Unknown
8,Unknowm,Unknown,Unknown
9,Unknowm,Unknown,Unknown
11,Unknowm,Unknown,Unknown
12,Unknowm,Unknown,Unknown
14,Unknowm,Unknown,Unknown
16,Unknowm,Unknown,Unknown
17,Unknowm,Unknown,Unknown
18,Unknowm,Unknown,Unknown
19,Unknowm,Unknown,Unknown
20,Unknowm,Unknown,Unknown
21,Unknowm,Unknown,Unknown
22,Unknowm,Unknown,Unknown
23,Unknowm,Unknown,Unknown
25,Unknowm,Unknown,Unknown
26,Unknowm,Unknown,Unknown
27,Unknowm,Unknown,Unknown
28,Unknowm,Unknown,Unknown
29,Unknowm,Unknown,Unknown
32,Unknowm,Unknown,Unknown
33,Unknowm,Unknown,Unknown
35,Unknowm,Unknown,Unknown
36,Unknowm,Unknown,Unknown
37,Unknowm,Unknown,Unknown
40,Unknowm,Unknown,Unknown
42,Unknowm,Unknown,Unknown
43,Unknowm,Unknown,Unknown
44,Unknowm,Unknown,Unknown
45,Unknowm,Unknown,Unknown
46,Unknowm,Unknown,Unknown
47,Unknowm,Unknown,Unknown
48,Unknowm,Unknown,Unknown
49,Unknowm,Unknown,Unknown
50,Unknowm,Unknown,Unknown
51,Unknowm,Unknown,Unknown
52,Unknowm,Unknown,Unknown
53,Unknowm,Unknown,Unknown
54,Unknowm,Unknown,Unknown
55,Unknowm,Unknown,Unknown
56,Unknowm,Unknown,Unknown
57,Unknowm,Unknown,Unknown
58,Unknowm,Unknown,Unknown
59,Unknowm,Unknown,Unknown
60,Unknowm,Unknown,Unknown
62,Unknowm,Unknown,Unknown
64,Unknowm,Unknown,Unknown
65,Unknowm,Unknown,Unknown
66,Unknowm,Unknown,Unknown
67,Unknowm,Unknown,Unknown
69,Unknowm,Unknown,Unknown
71,Unknowm,Unknown,Unknown
72,Unknowm,Unknown,Unknown
73,Unknowm,Unknown,Unknown
75,Unknowm,Unknown,Unknown
76,Unknowm,Unknown,Unknown
77,Unknowm,Unknown,Unknown
79,Unknowm,Unknown,Unknown
81,Unknowm,Unknown,Unknown
82,Unknowm,Unknown,Unknown
83,Unknowm,Unknown,Unknown
84,Unknowm,Unknown,Unknown
85,Unknowm,Unknown,Unknown
86,Unknowm,Unknown,Unknown
87,Unknowm,Unknown,Unknown
88,Unknowm,Unknown,Unknown
89,Unknowm,Unknown,Unknown
91,Unknowm,Unknown,Unknown
92,Unknowm,Unknown,Unknown
93,Unknowm,Unknown,Unknown
94,Unknowm,Unknown,Unknown
95,Unknowm,Unknown,Unknown
98,Unknowm,Unknown,Unknown
99,Unknowm,Unknown,Unknown
100,Unknowm,Unknown,Unknown
101,Unknowm,Unknown,Unknown
102,Unknowm,Unknown,Unknown
103,Unknowm,Unknown,Unknown
104,Unknowm,Unknown,Unknown
105,Unknowm,Unknown,Unknown
106,Unknowm,Unknown,Unknown
107,Unknowm,Unknown,Unknown
108,Unknowm,Unknown,Unknown
109,Unknowm,Unknown,Unknown
110,Unknowm,Unknown,Unknown
111,Unknowm,Unknown,Unknown
112,Unknowm,Unknown,Unknown
113,Unknowm,Unknown,Unknown
114,Unknowm,Unknown,Unknown
115,Unknowm,Unknown,Unknown
117,Unknowm,Unknown,Unknown
118,Unknowm,Unknown,Unknown
119,Unknowm,Unknown,Unknown
120,Unknowm,Unknown,Unknown
121,Unknowm,Unknown,Unknown
122,Unknowm,Unknown,Unknown
123,Unknowm,Unknown,Unknown
124,Unknowm,Unknown,Unknown
125,Unknowm,Unknown,Unknown
126,Unknowm,Unknown,Unknown
127,Unknowm,Unknown,Unknown
128,Unknowm,Unknown,Unknown
130,Unknowm,Unknown,Unknown
131,Unknowm,Unknown,Unknown
133,Unknowm,Unknown,Unknown
134,Unknowm,Unknown,Unknown
135,Unknowm,Unknown,Unknown
137,Unknowm,Unknown,Unknown
138,Unknowm,Unknown,Unknown
141,Unknowm,Unknown,Unknown
142,Unknowm,Unknown,Unknown
143,Unknowm,Unknown,Unknown
144,Unknowm,Unknown,Unknown
145,Unknowm,Unknown,Unknown
146,Unknowm,Unknown,Unknown
147,Unknowm,Unknown,Unknown
148,Unknowm,Unknown,Unknown
149,Unknowm,Unknown,Unknown
150,Unknowm,Unknown,Unknown
151,Unknowm,Unknown,Unknown
152,Unknowm,Unknown,Unknown
154,Unknowm,Unknown,Unknown
155,Unknowm,Unknown,Unknown
156,Unknowm,Unknown,Unknown
157,Unknowm,Unknown,Unknown
158,Unknowm,Unknown,Unknown
159,Unknowm,Unknown,Unknown
161,Unknowm,Unknown,Unknown
162,Unknowm,Unknown,Unknown
165,Unknowm,Unknown,Unknown
166,Unknowm,Unknown,Unknown
167,Unknowm,Unknown,Unknown
168,Unknowm,Unknown,Unknown
169,Unknowm,Unknown,Unknown
170,Unknowm,Unknown,Unknown
171,Unknowm,Unknown,Unknown
172,Unknowm,Unknown,Unknown
173,Unknowm,Unknown,Unknown
174,Unknowm,Unknown,Unknown
176,Unknowm,Unknown,Unknown
179,Unknowm,Unknown,Unknown
181,Unknowm,Unknown,Unknown
182,Unknowm,Unknown,Unknown
183,Unknowm,Unknown,Unknown
184,Unknowm,Unknown,Unknown
185,Unknowm,Unknown,Unknown
186,Unknowm,Unknown,Unknown
187,Unknowm,Unknown,Unknown
190,Unknowm,Unknown,Unknown
192,Unknowm,Unknown,Unknown
193,Unknowm,Unknown,Unknown
194,Unknowm,Unknown,Unknown
196,Unknowm,Unknown,Unknown
197,Unknowm,Unknown,Unknown
198,Unknowm,Unknown,Unknown
199,Unknowm,Unknown,Unknown
200,Unknowm,Unknown,Unknown
201,Unknowm,Unknown,Unknown
203,Unknowm,Unknown,Unknown
204,Unknowm,Unknown,Unknown
207,Unknowm,Unknown,Unknown
208,Unknowm,Unknown,Unknown
209,Unknowm,Unknown,Unknown
210,Unknowm,Unknown,Unknown
211,Unknowm,Unknown,Unknown
213,Unknowm,Unknown,Unknown
214,Unknowm,Unknown,Unknown
215,Unknowm,Unknown,Unknown
216,Unknowm,Unknown,Unknown
217,Unknowm,Unknown,Unknown
219,Unknowm,Unknown,Unknown
220,Unknowm,Unknown,Unknown
221,Unknowm,Unknown,Unknown
222,Unknowm,Unknown,Unknown
223,Unknowm,Unknown,Unknown
225,Unknowm,Unknown,Unknown
227,Unknowm,Unknown,Unknown
228,Unknowm,Unknown,Unknown
230,Unknowm,Unknown,Unknown
231,Unknowm,Unknown,Unknown
232,Unknowm,Unknown,Unknown
235,Unknowm,Unknown,Unknown
236,Unknowm,Unknown,Unknown
237,Unknowm,Unknown,Unknown
238,Unknowm,Unknown,Unknown
239,Unknowm,Unknown,Unknown
240,Unknowm,Unknown,Unknown
241,Unknowm,Unknown,Unknown
242,Unknowm,Unknown,Unknown
243,Unknowm,Unknown,Unknown
244,Unknowm,Unknown,Unknown
245,Unknowm,Unknown,Unknown
246,Unknowm,Unknown,Unknown
247,Unknowm,Unknown,Unknown
248,Unknowm,Unknown,Unknown
249,Unknowm,Unknown,Unknown
250,Unknowm,Unknown,Unknown
251,Unknowm,Unknown,Unknown
252,Unknowm,Unknown,Unknown
253,Unknowm,Unknown,Unknown
254,Unknowm,Unknown,Unknown
256,Unknowm,Unknown,Unknown
257,Unknowm,Unknown,Unknown
259,Unknowm,Unknown,Unknown
261,Unknowm,Unknown,Unknown
262,Unknowm,Unknown,Unknown
263,Unknowm,Unknown,Unknown
265,Unknowm,Unknown,Unknown
266,Unknowm,Unknown,Unknown
267,Unknowm,Unknown,Unknown
269,Unknowm,Unknown,Unknown
270,Unknowm,Unknown,Unknown
272,Unknowm,Unknown,Unknown
273,Unknowm,Unknown,Unknown
274,Unknowm,Unknown,Unknown
275,Unknowm,Unknown,Unknown
276,Unknowm,Unknown,Unknown
277,Unknowm,Unknown,Unknown
279,Unknowm,Unknown,Unknown
281,Unknowm,Unknown,Unknown
282,Unknowm,Unknown,Unknown
284,Unknowm,Unknown,Unknown
286,Unknowm,Unknown,Unknown
287,Unknowm,Unknown,Unknown
288,Unknowm,Unknown,Unknown
290,Unknowm,Unknown,Unknown
291,Unknowm,Unknown,Unknown
292,Unknowm,Unknown,Unknown
293,Unknowm,Unknown,Unknown
294,Unknowm,Unknown,Unknown
295,Unknowm,Unknown,Unknown
296,Unknowm,Unknown,Unknown
297,Unknowm,Unknown,Unknown
298,Unknowm,Unknown,Unknown
299,Unknowm,Unknown,Unknown
300,Unknowm,Unknown,Unknown
301,Unknowm,Unknown,Unknown
302,Unknowm,Unknown,Unknown
303,Unknowm,Unknown,Unknown
304,Unknowm,Unknown,Unknown
305,Unknowm,Unknown,Unknown
306,Unknowm,Unknown,Unknown
307,Unknowm,Unknown,Unknown
308,Unknowm,Unknown,Unknown
309,Unknowm,Unknown,Unknown
310,Unknowm,Unknown,Unknown
311,Unknowm,Unknown,Unknown
312,Unknowm,Unknown,Unknown
313,Unknowm,Unknown,Unknown
314,Unknowm,Unknown,Unknown
315,Unknowm,Unknown,Unknown
316,Unknowm,Unknown,Unknown
317,Unknowm,Unknown,Unknown
318,Unknowm,Unknown,Unknown
319,Unknowm,Unknown,Unknown
321,Unknowm,Unknown,Unknown
322,Unknowm,Unknown,Unknown
323,Unknowm,Unknown,Unknown
324,Unknowm,Unknown,Unknown
325,Unknowm,Unknown,Unknown
326,Unknowm,Unknown,Unknown
327,Unknowm,Unknown,Unknown
328,Unknowm,Unknown,Unknown
330,Unknowm,Unknown,Unknown
331,Unknowm,Unknown,Unknown
332,Unknowm,Unknown,Unknown
333,Unknowm,Unknown,Unknown
334,Unknowm,Unknown,Unknown
337,Unknowm,Unknown,Unknown
338,Unknowm,Unknown,Unknown
339,Unknowm,Unknown,Unknown
343,Unknowm,Unknown,Unknown
344,Unknowm,Unknown,Unknown
345,Unknowm,Unknown,Unknown
346,Unknowm,Unknown,Unknown
348,Unknowm,Unknown,Unknown
349,Unknowm,Unknown,Unknown
350,Unknowm,Unknown,Unknown
352,Unknowm,Unknown,Unknown
354,Unknowm,Unknown,Unknown
357,Unknowm,Unknown,Unknown
358,Unknowm,Unknown,Unknown
359,Unknowm,Unknown,Unknown
360,Unknowm,Unknown,Unknown
361,Unknowm,Unknown,Unknown
363,Unknowm,Unknown,Unknown
364,Unknowm,Unknown,Unknown
365,Unknowm,Unknown,Unknown
366,Unknowm,Unknown,Unknown
367,Unknowm,Unknown,Unknown
368,Unknowm,Unknown,Unknown
369,Unknowm,Unknown,Unknown
371,Unknowm,Unknown,Unknown
372,Unknowm,Unknown,Unknown
373,Unknowm,Unknown,Unknown
374,Unknowm,Unknown,Unknown
375,Unknowm,Unknown,Unknown
376,Unknowm,Unknown,Unknown
378,Unknowm,Unknown,Unknown
379,Unknowm,Unknown,Unknown
380,Unknowm,Unknown,Unknown
381,Unknowm,Unknown,Unknown
382,Unknowm,Unknown,Unknown
383,Unknowm,Unknown,Unknown
384,Unknowm,Unknown,Unknown
385,Unknowm,Unknown,Unknown
386,Unknowm,Unknown,Unknown
387,Unknowm,Unknown,Unknown
388,Unknowm,Unknown,Unknown
389,Unknowm,Unknown,Unknown
390,Unknowm,Unknown,Unknown
391,Unknowm,Unknown,Unknown
393,Unknowm,Unknown,Unknown
394,Unknowm,Unknown,Unknown
396,Unknowm,Unknown,Unknown
398,Unknowm,Unknown,Unknown
399,Unknowm,Unknown,Unknown
400,Unknowm,Unknown,Unknown
401,Unknowm,Unknown,Unknown
402,Unknowm,Unknown,Unknown
403,Unknowm,Unknown,Unknown
405,Unknowm,Unknown,Unknown
406,Unknowm,Unknown,Unknown
407,Unknowm,Unknown,Unknown
408,Unknowm,Unknown,Unknown
409,Unknowm,Unknown,Unknown
411,Unknowm,Unknown,Unknown
412,Unknowm,Unknown,Unknown
413,Unknowm,Unknown,Unknown
414,Unknowm,Unknown,Unknown
415,Unknowm,Unknown,Unknown
416,Unknowm,Unknown,Unknown
417,Unknowm,Unknown,Unknown
419,Unknowm,Unknown,Unknown
420,Unknowm,Unknown,Unknown
421,Unknowm,Unknown,Unknown
422,Unknowm,Unknown,Unknown
424,Unknowm,Unknown,Unknown
426,Unknowm,Unknown,Unknown
427,Unknowm,Unknown,Unknown
428,Unknowm,Unknown,Unknown
429,Unknowm,Unknown,Unknown
430,Unknowm,Unknown,Unknown
432,Unknowm,Unknown,Unknown
433,Unknowm,Unknown,Unknown
434,Unknowm,Unknown,Unknown
435,Unknowm,Unknown,Unknown
436,Unknowm,Unknown,Unknown
437,Unknowm,Unknown,Unknown
438,Unknowm,Unknown,Unknown
439,Unknowm,Unknown,Unknown
440,Unknowm,Unknown,Unknown
441,Unknowm,Unknown,Unknown
442,Unknowm,Unknown,Unknown
444,Unknowm,Unknown,Unknown
445,Unknowm,Unknown,Unknown
446,Unknowm,Unknown,Unknown
447,Unknowm,Unknown,Unknown
448,Unknowm,Unknown,Unknown
449,Unknowm,Unknown,Unknown
450,Unknowm,Unknown,Unknown
451,Unknowm,Unknown,Unknown
452,Unknowm,Unknown,Unknown
454,Unknowm,Unknown,Unknown
455,Unknowm,Unknown,Unknown
456,Unknowm,Unknown,Unknown
459,Unknowm,Unknown,Unknown
460,Unknowm,Unknown,Unknown
461,Unknowm,Unknown,Unknown
462,Unknowm,Unknown,Unknown
463,Unknowm,Unknown,Unknown
464,Unknowm,Unknown,Unknown
465,Unknowm,Unknown,Unknown
467,Unknowm,Unknown,Unknown
468,Unknowm,Unknown,Unknown
469,Unknowm,Unknown,Unknown
470,Unknowm,Unknown,Unknown
471,Unknowm,Unknown,Unknown
472,Unknowm,Unknown,Unknown
473,Unknowm,Unknown,Unknown
474,Unknowm,Unknown,Unknown
475,Unknowm,Unknown,Unknown
476,Unknowm,Unknown,Unknown
477,Unknowm,Unknown,Unknown
479,Unknowm,Unknown,Unknown
480,Unknowm,Unknown,Unknown
482,Unknowm,Unknown,Unknown
483,Unknowm,Unknown,Unknown
484,Unknowm,Unknown,Unknown
486,Unknowm,Unknown,Unknown
489,Unknowm,Unknown,Unknown
490,Unknowm,Unknown,Unknown
491,Unknowm,Unknown,Unknown
492,Unknowm,Unknown,Unknown
493,Unknowm,Unknown,Unknown
494,Unknowm,Unknown,Unknown
495,Unknowm,Unknown,Unknown
496,Unknowm,Unknown,Unknown
498,Unknowm,Unknown,Unknown
499,Unknowm,Unknown,Unknown
500,Unknowm,Unknown,Unknown
501,Unknowm,Unknown,Unknown
502,Unknowm,Unknown,Unknown
503,Unknowm,Unknown,Unknown
504,Unknowm,Unknown,Unknown
505,Unknowm,Unknown,Unknown
506,Unknowm,Unknown,Unknown
507,Unknowm,Unknown,Unknown
508,Unknowm,Unknown,Unknown
509,Unknowm,Unknown,Unknown
510,Unknowm,Unknown,Unknown
511,Unknowm,Unknown,Unknown
513,Unknowm,Unknown,Unknown
514,Unknowm,Unknown,Unknown
515,Unknowm,Unknown,Unknown
516,Unknowm,Unknown,Unknown
517,Unknowm,Unknown,Unknown
518,Unknowm,Unknown,Unknown
520,Unknowm,Unknown,Unknown
522,Unknowm,Unknown,Unknown
523,Unknowm,Unknown,Unknown
524,Unknowm,Unknown,Unknown
525,Unknowm,Unknown,Unknown
526,Unknowm,Unknown,Unknown
528,Unknowm,Unknown,Unknown
529,Unknowm,Unknown,Unknown
530,Unknowm,Unknown,Unknown
531,Unknowm,Unknown,Unknown
532,Unknowm,Unknown,Unknown
533,Unknowm,Unknown,Unknown
534,Unknowm,Unknown,Unknown
535,Unknowm,Unknown,Unknown
536,Unknowm,Unknown,Unknown
537,Unknowm,Unknown,Unknown
538,Unknowm,Unknown,Unknown
539,Unknowm,Unknown,Unknown
542,Unknowm,Unknown,Unknown
543,Unknowm,Unknown,Unknown
544,Unknowm,Unknown,Unknown
545,Unknowm,Unknown,Unknown
546,Unknowm,Unknown,Unknown
547,Unknowm,Unknown,Unknown
548,Unknowm,Unknown,Unknown
549,Unknowm,Unknown,Unknown
550,Unknowm,Unknown,Unknown
551,Unknowm,Unknown,Unknown
552,Unknowm,Unknown,Unknown
553,Unknowm,Unknown,Unknown
554,Unknowm,Unknown,Unknown
556,Unknowm,Unknown,Unknown
557,Unknowm,Unknown,Unknown
560,Unknowm,Unknown,Unknown
561,Unknowm,Unknown,Unknown
562,Unknowm,Unknown,Unknown
563,Unknowm,Unknown,Unknown
564,Unknowm,Unknown,Unknown
565,Unknowm,Unknown,Unknown
566,Unknowm,Unknown,Unknown
569,Unknowm,Unknown,Unknown
571,Unknowm,Unknown,Unknown
572,Unknowm,Unknown,Unknown
573,Unknowm,Unknown,Unknown
574,Unknowm,Unknown,Unknown
575,Unknowm,Unknown,Unknown
576,Unknowm,Unknown,Unknown
577,Unknowm,Unknown,Unknown
578,Unknowm,Unknown,Unknown
580,Unknowm,Unknown,Unknown
581,Unknowm,Unknown,Unknown
582,Unknowm,Unknown,Unknown
584,Unknowm,Unknown,Unknown
586,Unknowm,Unknown,Unknown
587,Unknowm,Unknown,Unknown
588,Unknowm,Unknown,Unknown
589,Unknowm,Unknown,Unknown
590,Unknowm,Unknown,Unknown
593,Unknowm,Unknown,Unknown
594,Unknowm,Unknown,Unknown
595,Unknowm,Unknown,Unknown
596,Unknowm,Unknown,Unknown
597,Unknowm,Unknown,Unknown
